subtotal,order_date_dt,order_total_revenue,zip_code,unique_customer_id
40,2024-08-17,24,,1
75,2024-08-17,40,,2
300,2024-08-14,200,80027,3
40,2024-08-02,24,89122,4
150,2024-08-02,100,81657,5
150,2024-08-01,100,,6
80,2024-08-01,56,,7
80,2024-08-01,56,,7
80,2024-08-01,56,,7
80,2024-08-01,56,,7
75,2024-07-17,40,,2
120,2024-07-14,84,98375,8
160,2024-07-05,56,30030,9
300,2024-07-05,100,85746,10
160,2024-07-04,56,,11
160,2024-07-04,56,,12
160,2024-07-04,56,,12
150,2024-07-03,50,81623,13
150,2024-07-03,50,,14
160,2024-07-03,56,32225,15
160,2024-07-02,56,97201,16
80,2024-07-02,24,89122,4
160,2024-07-02,44.8,44139,17
75,2024-06-28,50,8753,18
80,2024-06-26,64,80015,19
40,2024-06-25,28,,20
305,2024-06-25,164.8,80027,3
80,2024-06-25,24,33073,21
40,2024-06-23,22.4,38114,22
115,2024-06-22,62.4,,23
40,2024-06-22,28,98629,24
150,2024-06-21,80,,25
260,2024-06-19,200,60605,26
40,2024-06-17,28,11377,27
75,2024-06-16,40,,28
40,2024-06-15,22.4,,29
80,2024-06-14,28,98375,8
80,2024-06-13,28,66202,30
80,2024-06-13,28,30152,31
150,2024-06-13,100,7063,32
75,2024-06-13,45,61455,33
40,2024-06-11,28,95060,34
160,2024-06-10,56,30030,9
215,2024-06-09,108,,6
80,2024-06-09,28,44105,35
80,2024-06-09,28,,36
160,2024-06-08,56,,37
160,2024-06-08,56,,37
160,2024-06-08,56,,37
160,2024-06-08,56,,37
160,2024-06-08,56,,37
145,2024-06-08,63,,38
75,2024-06-07,40,,39
75,2024-06-06,45,,40
160,2024-06-06,56,,41
75,2024-06-05,50,,42
40,2024-06-05,28,,43
80,2024-06-05,28,,44
80,2024-06-05,28,86426,45
75,2024-06-04,50,,46
75,2024-06-04,50,80401,47
155,2024-06-04,78,80027,3
80,2024-06-03,28,,48
75,2024-06-03,40,27006,49
80,2024-06-03,28,95062,50
80,2024-06-02,20,89122,4
80,2024-06-02,28,76528,51
80,2024-06-01,28,61244,52
80,2024-05-31,28,,53
150,2024-05-30,50,8005,54
75,2024-05-29,40,97358,55
40,2024-05-29,22.4,,56
150,2024-05-29,50,95060,34
40,2024-05-28,28,,57
40,2024-05-28,28,,57
40,2024-05-28,28,80210,58
300,2024-05-28,100,,59
300,2024-05-28,100,,59
300,2024-05-28,100,93313,60
230,2024-05-28,130,,59
230,2024-05-28,130,,59
230,2024-05-28,130,93313,60
150,2024-05-28,50,,61
80,2024-05-28,56,,62
80,2024-05-28,56,,62
80,2024-05-27,56,,1
150,2024-05-27,50,,63
150,2024-05-27,50,,63
40,2024-05-26,24,48326,64
150,2024-05-26,50,21230,65
150,2024-05-26,45,61455,66
150,2024-05-26,50,,67
219.5,2024-05-26,119.5,8753,18
150,2024-05-25,50,,68
40,2024-05-25,24,33073,21
150,2024-05-24,50,,37
150,2024-05-24,50,,37
150,2024-05-24,50,,37
150,2024-05-24,50,,37
150,2024-05-24,50,,37
150,2024-05-24,50,7071,69
150,2024-05-24,50,13753,70
150,2024-05-24,50,13753,70
150,2024-05-23,50,7071,69
150,2024-05-23,50,84653,71
145,2024-05-23,115,,72
150,2024-05-23,50,,73
150,2024-05-23,50,93555,74
150,2024-05-23,50,93555,74
40,2024-05-23,28,61265,75
40,2024-05-22,22.4,85710,76
190,2024-05-22,78,79001,77
155,2024-05-21,84.8,,78
150,2024-05-20,80,7071,69
40,2024-05-19,22.4,2760,79
195,2024-05-17,134,,80
195,2024-05-17,134,,80
75,2024-05-16,50,81623,13
115,2024-05-15,54.6,80303,81
40,2024-05-14,28,,82
150,2024-05-13,80,49079,83
145,2024-05-13,92,33955,84
40,2024-05-12,28,,85
320,2024-05-09,140,44721,86
80,2024-05-09,28,,12
80,2024-05-09,28,,12
160,2024-05-09,56,,7
160,2024-05-09,56,,7
160,2024-05-09,56,,7
160,2024-05-09,56,,7
80,2024-05-07,28,83687,87
80,2024-05-07,28,83687,87
80,2024-05-07,28,83687,87
80,2024-05-07,28,83687,87
80,2024-05-07,28,,88
80,2024-05-05,28,52803,89
155,2024-05-05,130,,90
80,2024-05-05,28,97201,16
160,2024-05-05,56,,91
160,2024-05-05,56,78613,92
80,2024-05-04,28,,12
80,2024-05-04,28,,12
80,2024-05-03,28,,93
290,2024-05-03,126,44116,94
290,2024-05-03,126,44116,94
290,2024-05-03,126,44116,94
80,2024-05-03,28,77023,95
75,2024-05-02,50,80503,96
80,2024-05-02,24,89122,4
134.5,2024-05-01,94.05,,97
80,2024-04-30,28,97214,98
40,2024-04-30,22.4,,99
40,2024-04-30,22.4,,99
300,2024-04-30,100,91006,100
225,2024-04-29,72.8,78704,101
150,2024-04-29,50,2816,102
150,2024-04-29,50,83687,87
150,2024-04-29,50,83687,87
150,2024-04-29,50,83687,87
150,2024-04-29,50,83687,87
320,2024-04-28,140,,103
40,2024-04-27,22.4,,104
150,2024-04-26,50,80537,105
150,2024-04-26,50,80537,105
150,2024-04-26,50,80537,105
150,2024-04-26,50,80537,105
150,2024-04-26,50,80537,105
150,2024-04-26,50,80537,105
150,2024-04-26,50,80537,105
40,2024-04-26,22.4,,62
40,2024-04-26,22.4,,62
300,2024-04-26,100,44203,106
40,2024-04-26,28,,107
150,2024-04-25,50,80504,108
155,2024-04-24,106,,37
155,2024-04-24,106,,37
155,2024-04-24,106,,37
155,2024-04-24,106,,37
155,2024-04-24,106,,37
40,2024-04-24,22.4,,109
75,2024-04-23,50,,110
600,2024-04-23,250,80219,111
600,2024-04-23,250,80219,111
600,2024-04-23,250,80219,111
40,2024-04-22,22.4,4048,112
225,2024-04-21,100,37042,113
40,2024-04-20,28,,114
150,2024-04-19,70,60611,115
40,2024-04-19,22.4,77023,95
80,2024-04-18,56,,116
80,2024-04-13,80,90803,117
80,2024-04-13,80,90803,117
80,2024-04-13,80,90803,117
80,2024-04-13,80,90803,117
80,2024-04-13,80,90803,117
380,2024-04-13,204.8,22182,118
40,2024-04-12,22.4,15235,119
75,2024-04-11,50,,120
75,2024-04-11,50,,120
40,2024-04-11,22.4,,121
75,2024-04-09,50,,122
109.5,2024-04-08,97.5,80215,123
75,2024-04-08,40,91006,100
145,2024-04-08,96.8,44116,94
145,2024-04-08,96.8,44116,94
145,2024-04-08,96.8,44116,94
40,2024-04-06,28,,124
40,2024-04-04,22.4,33572,125
40,2024-04-02,24,89122,4
40,2024-04-02,22.4,97439,126
139,2024-03-31,110,,127
139,2024-03-31,110,,127
69.5,2024-03-31,55,,128
69.5,2024-03-31,55,,128
69.5,2024-03-31,55,,128
80,2024-03-28,56,,129
80,2024-03-28,56,,129
80,2024-03-28,56,,129
40,2024-03-26,28,,130
69.5,2024-03-25,55,80210,58
40,2024-03-23,28,,131
40,2024-03-21,28,59825,132
150,2024-03-21,100,81657,5
80,2024-03-20,28,8859,133
80,2024-03-20,28,,134
75,2024-03-20,40,78259,135
139,2024-03-19,139,34228,136
80,2024-03-19,28,83687,87
80,2024-03-19,28,83687,87
80,2024-03-19,28,83687,87
80,2024-03-19,28,83687,87
160,2024-03-18,56,,137
160,2024-03-18,56,,137
160,2024-03-18,56,,137
160,2024-03-18,56,,137
75,2024-03-18,40,,63
75,2024-03-18,40,,63
75,2024-03-17,40,,138
80,2024-03-17,28,,139
75,2024-03-17,40,,140
160,2024-03-17,56,44116,94
160,2024-03-17,56,44116,94
160,2024-03-17,56,44116,94
80,2024-03-16,28,,141
80,2024-03-15,28,,142
80,2024-03-14,28,,11
80,2024-03-14,28,97527,143
80,2024-03-13,62.4,2554,144
80,2024-03-13,28,,37
80,2024-03-13,28,,37
80,2024-03-13,28,,37
80,2024-03-13,28,,37
80,2024-03-13,28,,37
80,2024-03-13,28,76502,145
160,2024-03-13,56,,146
75,2024-03-12,50,,147
80,2024-03-12,28,83687,87
80,2024-03-12,28,83687,87
80,2024-03-12,28,83687,87
80,2024-03-12,28,83687,87
80,2024-03-11,28,97501,148
75,2024-03-07,50,,149
80,2024-03-07,28,,150
80,2024-03-07,28,89048,151
40,2024-03-06,28,,152
80,2024-03-06,56,44139,17
150,2024-03-05,50,60548,153
150,2024-03-05,50,8753,18
40,2024-03-05,28,,154
40,2024-03-05,28,,154
40,2024-03-05,28,,154
40,2024-03-05,28,,154
450,2024-03-05,150,80503,155
40,2024-03-05,28,,156
80,2024-03-04,56,,157
300,2024-03-03,100,92253,158
300,2024-03-03,100,92253,158
80,2024-03-03,56,12484,159
40,2024-03-03,28,,160
150,2024-03-02,50,83687,87
150,2024-03-02,50,83687,87
150,2024-03-02,50,83687,87
150,2024-03-02,50,83687,87
40,2024-03-02,24,89122,4
150,2024-03-02,50,85365,161
40,2024-03-02,28,46350,162
150,2024-03-01,50,80219,111
150,2024-03-01,50,80219,111
150,2024-03-01,50,80219,111
80,2024-03-01,56,52551,163
210,2024-03-01,110,,164
210,2024-03-01,110,,164
260,2024-03-01,180,54313,165
300,2024-03-01,100,97358,55
75,2024-02-28,40,,166
80,2024-02-28,44.8,,167
75,2024-02-26,50,71138,168
75,2024-02-26,50,71138,168
75,2024-02-26,50,71138,168
75,2024-02-26,50,,169
40,2024-02-25,28,,170
40,2024-02-25,28,,129
40,2024-02-25,28,,129
40,2024-02-25,28,,129
40,2024-02-25,28,,129
40,2024-02-25,28,,129
40,2024-02-25,28,,129
150,2024-02-25,100,6379,171
80,2024-02-24,56,,172
80,2024-02-24,56,,172
80,2024-02-23,44.8,,91
80,2024-02-23,44.8,78613,92
40,2024-02-22,28,34203,173
40,2024-02-21,28,97711,174
75,2024-02-20,40,78259,135
210,2024-02-18,186,44116,94
210,2024-02-18,186,44116,94
210,2024-02-18,186,44116,94
40,2024-02-18,28,,80
40,2024-02-18,28,,80
80,2024-02-17,70,92648,175
80,2024-02-17,70,92648,175
40,2024-02-17,28,,176
40,2024-02-13,22.4,52551,163
40,2024-02-11,28,,177
40,2024-02-11,28,,177
80,2024-02-10,56,74354,178
75,2024-02-09,50,,179
40,2024-02-09,28,,172
40,2024-02-09,28,,172
40,2024-02-07,22.4,61115,180
80,2024-02-05,28,,181
80,2024-02-05,28,,181
80,2024-02-05,28,,137
80,2024-02-05,28,,137
80,2024-02-05,28,,137
80,2024-02-05,28,,137
240,2024-02-05,84,92253,158
240,2024-02-05,84,92253,158
160,2024-02-03,56,89044,182
80,2024-02-03,28,,183
80,2024-02-02,24,89122,4
75,2024-02-02,50,,184
80,2024-02-02,22.4,97711,185
80,2024-02-01,80,8742,186
80,2024-02-01,28,,187
75,2024-02-01,50,87801,188
200,2024-01-31,84,44116,94
200,2024-01-31,84,44116,94
200,2024-01-31,84,44116,94
80,2024-01-31,28,17603,189
40,2024-01-30,22.4,92264,190
80,2024-01-30,28,33458,191
80,2024-01-30,28,80026,192
80,2024-01-30,28,80026,192
260,2024-01-30,144,83687,87
260,2024-01-30,144,83687,87
260,2024-01-30,144,83687,87
260,2024-01-30,144,83687,87
80,2024-01-30,28,83687,87
80,2024-01-30,28,83687,87
80,2024-01-30,28,83687,87
80,2024-01-30,28,83687,87
80,2024-01-25,28,80120,193
160,2024-01-25,56,59716,194
160,2024-01-25,56,33496,195
300,2024-01-25,208,44116,94
300,2024-01-25,208,44116,94
300,2024-01-25,208,44116,94
40,2024-01-25,28,80916,196
200,2024-01-24,92.4,26104,197
80,2024-01-24,28,79924,198
80,2024-01-24,28,79924,199
40,2024-01-21,28,,57
40,2024-01-21,28,,57
40,2024-01-20,28,,200
155,2024-01-18,84.8,,137
155,2024-01-18,84.8,,137
155,2024-01-18,84.8,,137
155,2024-01-18,84.8,,137
80,2024-01-16,64,80015,19
40,2024-01-15,22.4,68046,201
40,2024-01-15,22.4,68046,201
75,2024-01-13,50,,202
40,2024-01-13,28,,203
40,2024-01-12,22.4,79924,198
40,2024-01-12,22.4,79924,199
150,2024-01-11,80,22301,204
150,2024-01-09,50,28401,205
150,2024-01-09,50,28401,205
150,2024-01-09,50,28401,205
300,2024-01-08,100,,206
80,2024-01-08,44.8,,7
80,2024-01-08,44.8,,7
80,2024-01-08,44.8,,7
80,2024-01-08,44.8,,7
40,2024-01-08,28,,154
40,2024-01-08,28,,154
40,2024-01-08,28,,154
40,2024-01-08,28,,154
150,2024-01-08,50,,207
150,2024-01-08,50,,207
150,2024-01-08,50,,44
150,2024-01-08,50,86426,45
190,2024-01-08,78,76078,208
40,2024-01-07,22.4,80916,196
310,2024-01-06,162,44203,106
150,2024-01-06,50,90803,117
150,2024-01-06,50,90803,117
150,2024-01-06,50,90803,117
150,2024-01-06,50,90803,117
150,2024-01-06,50,90803,117
150,2024-01-06,50,90803,117
150,2024-01-06,50,90803,117
150,2024-01-06,50,90803,117
150,2024-01-06,50,90803,117
150,2024-01-06,50,90803,117
190,2024-01-04,78,80205,209
40,2024-01-03,24,97358,55
120,2024-01-03,67.2,,210
120,2024-01-03,67.2,,211
150,2024-01-03,50,,212
40,2024-01-02,24,89122,4
190,2024-01-02,78,28401,205
190,2024-01-02,78,28401,205
190,2024-01-02,78,28401,205
150,2024-01-02,50,80233,213
300,2024-01-02,100,80219,111
300,2024-01-02,100,80219,111
300,2024-01-02,100,80219,111
150,2024-01-02,50,80621,214
300,2024-01-01,100,97358,55
150,2024-01-01,50,92704,215
150,2024-01-01,50,44116,94
150,2024-01-01,50,44116,94
150,2024-01-01,50,44116,94
150,2024-01-01,50,,73
150,2024-01-01,50,93555,74
150,2024-01-01,50,93555,74
150,2024-01-01,50,,216
150,2024-01-01,50,,216
150,2024-01-01,50,,216
150,2024-01-01,50,,216
150,2024-01-01,50,89143,217
150,2023-12-29,100,85746,10
40,2023-12-28,28,,218
75,2023-12-27,50,90803,117
75,2023-12-27,50,90803,117
75,2023-12-27,50,90803,117
75,2023-12-27,50,90803,117
75,2023-12-27,50,90803,117
80,2023-12-26,80,,219
80,2023-12-26,80,,219
40,2023-12-23,28,,220
225,2023-12-22,201,44116,94
225,2023-12-22,201,44116,94
225,2023-12-22,201,44116,94
80,2023-12-22,44.8,,7
80,2023-12-22,44.8,,7
80,2023-12-22,44.8,,7
80,2023-12-22,44.8,,7
40,2023-12-20,28,,221
75,2023-12-19,40,,222
75,2023-12-19,40,,222
75,2023-12-19,40,70453,223
40,2023-12-18,22.4,,224
75,2023-12-18,40,20019,225
75,2023-12-17,50,,226
75,2023-12-17,40,75071,227
80,2023-12-15,70,,228
150,2023-12-13,75,,229
150,2023-12-13,75,,229
150,2023-12-13,75,17190,230
80,2023-12-12,32,60605,231
140,2023-12-12,92,81657,5
40,2023-12-11,28,,181
40,2023-12-11,28,,181
40,2023-12-11,28,,7
40,2023-12-11,28,,7
40,2023-12-11,28,,7
40,2023-12-11,28,,7
150,2023-12-11,100,,128
150,2023-12-11,100,,128
150,2023-12-11,100,,128
75,2023-12-11,50,44116,94
75,2023-12-11,50,44116,94
75,2023-12-11,50,44116,94
40,2023-12-11,28,44116,94
40,2023-12-11,28,44116,94
40,2023-12-11,28,44116,94
40,2023-12-10,28,95060,34
40,2023-12-09,22.4,,232
75,2023-12-09,50,,233
80,2023-12-07,28,,234
150,2023-12-07,50,,120
150,2023-12-07,50,,120
150,2023-12-07,50,80537,105
150,2023-12-07,50,80537,105
150,2023-12-07,50,80537,105
150,2023-12-07,50,80537,105
150,2023-12-07,50,80537,105
150,2023-12-07,50,80537,105
150,2023-12-07,50,80537,105
80,2023-12-06,28,,235
160,2023-12-06,56,63362,236
150,2023-12-06,50,,73
150,2023-12-06,50,93555,74
150,2023-12-06,50,93555,74
230,2023-12-05,78,80621,214
80,2023-12-05,28,,237
80,2023-12-04,28,83687,87
80,2023-12-04,28,83687,87
80,2023-12-04,28,83687,87
80,2023-12-04,28,83687,87
32,2023-12-03,25,97358,55
75,2023-12-03,50,,222
75,2023-12-03,50,,222
75,2023-12-03,50,70453,223
40,2023-12-02,28,,238
120,2023-12-02,84,98198,239
64,2023-12-02,25,89122,4
40,2023-12-01,28,,210
40,2023-12-01,28,,211
40,2023-11-29,28,95060,34
155,2023-11-28,130,81657,5
150,2023-11-26,50,19403,240
150,2023-11-26,50,,241
210,2023-11-26,50,,242
660,2023-11-25,185,,164
660,2023-11-25,185,,164
120,2023-11-25,28,19403,240
120,2023-11-25,28,19403,240
300,2023-11-24,100,,243
300,2023-11-24,100,,243
120,2023-11-24,28,90706,244
75,2023-11-24,25,,245
75,2023-11-24,25,,246
75,2023-11-23,25,,247
150,2023-11-23,50,,248
150,2023-11-23,50,,248
150,2023-11-23,50,,248
150,2023-11-23,50,53144,249
150,2023-11-23,50,80233,213
75,2023-11-23,25,91006,100
150,2023-11-23,50,,250
600,2023-11-22,200,80010,251
195,2023-11-21,53,,252
195,2023-11-21,53,,252
150,2023-11-21,50,37307,253
120,2023-11-20,28,97760,254
150,2023-11-20,40,2816,102
150,2023-11-20,50,,255
150,2023-11-20,50,,255
120,2023-11-20,28,,255
120,2023-11-20,28,,255
320,2023-11-19,134.4,46970,256
300,2023-11-19,100,92253,158
300,2023-11-19,100,92253,158
270,2023-11-18,108.4,90241,257
270,2023-11-18,108.4,90241,257
80,2023-11-18,80,80125,258
120,2023-11-18,28,97711,174
795,2023-11-18,314.62,80010,251
120,2023-11-17,28,87106,259
120,2023-11-17,28,87106,259
120,2023-11-17,28,87106,259
40,2023-11-14,28,,137
40,2023-11-14,28,,137
40,2023-11-14,28,,137
40,2023-11-14,28,,137
270,2023-11-11,166.4,80010,251
40,2023-11-11,7,20815,260
75,2023-11-11,12.5,20815,260
75,2023-11-11,12.5,81623,261
75,2023-11-11,12.5,81623,261
150,2023-11-11,100,,73
150,2023-11-11,100,93555,74
150,2023-11-11,100,93555,74
80,2023-11-11,44.8,80513,262
75,2023-11-10,40,90241,263
75,2023-11-10,40,90241,263
75,2023-11-09,40,,252
75,2023-11-09,40,,252
75,2023-11-08,50,,264
160,2023-11-08,76.8,,265
75,2023-11-07,50,21045,266
225,2023-11-06,120,92253,158
225,2023-11-06,120,92253,158
75,2023-11-06,50,,267
75,2023-11-05,50,,268
75,2023-11-05,50,,269
40,2023-11-05,28,,270
40,2023-11-04,28,94501,271
32,2023-11-04,25,97358,55
40,2023-11-03,28,33458,191
32,2023-11-02,25,89122,4
150,2023-11-01,80,,272
150,2023-11-01,80,,272
150,2023-11-01,80,,272
130,2023-10-26,130,,273
130,2023-10-26,130,,273
130,2023-10-26,130,,273
130,2023-10-26,130,,273
130,2023-10-26,130,,273
75,2023-10-24,50,7071,274
160,2023-10-24,56,7922,275
160,2023-10-24,56,7922,275
150,2023-10-23,100,84653,71
80,2023-10-22,28,80004,276
80,2023-10-21,28,,277
80,2023-10-21,28,,277
80,2023-10-21,28,,277
240,2023-10-21,67.2,20815,260
80,2023-10-20,28,83687,87
80,2023-10-20,28,83687,87
80,2023-10-20,28,83687,87
80,2023-10-20,28,83687,87
150,2023-10-18,50,37042,113
150,2023-10-18,50,90606,278
155,2023-10-16,98,,279
150,2023-10-16,50,,216
150,2023-10-16,50,,216
150,2023-10-16,50,,216
150,2023-10-16,50,,216
150,2023-10-15,50,20772,280
150,2023-10-15,50,20772,281
150,2023-10-14,50,81623,261
150,2023-10-14,50,81623,261
150,2023-10-14,50,81623,261
150,2023-10-14,50,81623,261
150,2023-10-14,50,80210,58
150,2023-10-14,50,80233,213
150,2023-10-14,50,,222
150,2023-10-14,50,,222
150,2023-10-14,50,70453,223
150,2023-10-14,50,20772,280
150,2023-10-14,50,20772,281
150,2023-10-14,50,81623,261
150,2023-10-14,50,81623,261
40,2023-10-13,28,,154
40,2023-10-13,28,,154
40,2023-10-13,28,,154
40,2023-10-13,28,,154
75,2023-10-12,39.96,,222
75,2023-10-12,39.96,,222
75,2023-10-12,39.96,70453,223
80,2023-10-11,80,,282
75,2023-10-09,39.96,,154
75,2023-10-09,39.96,,154
75,2023-10-09,39.96,,154
75,2023-10-09,39.96,,154
160,2023-10-06,110,40223,283
80,2023-10-06,55,80120,193
80,2023-10-04,55,37042,113
32,2023-10-04,25,97358,55
32,2023-10-02,25,89122,4
80,2023-10-02,56,91977,284
96,2023-10-01,75,20815,260
150,2023-09-28,79.92,,285
150,2023-09-28,79.92,,285
75,2023-09-25,39.96,,286
115,2023-09-22,77.95,78254,287
32,2023-09-12,32,93277,288
80,2023-09-11,60,80015,19
75,2023-09-10,49.95,,216
75,2023-09-10,49.95,,216
75,2023-09-10,49.95,,216
75,2023-09-10,49.95,,216
32,2023-09-08,20,83687,87
32,2023-09-08,20,83687,87
32,2023-09-08,20,83687,87
32,2023-09-08,20,83687,87
320,2023-09-05,200,90606,278
32,2023-09-04,20,97358,55
160,2023-09-03,80,63362,236
80,2023-09-03,50,10040,289
80,2023-09-03,50,10040,289
80,2023-09-03,50,10040,289
80,2023-09-03,50,10040,289
80,2023-09-01,50,44255,290
96,2023-09-01,60,20815,260
150,2023-08-30,99.9,84653,71
470,2023-08-30,319.9,80644,291
240,2023-08-28,128,21230,292
80,2023-08-28,50,,293
80,2023-08-28,50,,294
80,2023-08-28,50,,294
80,2023-08-25,56,80513,262
75,2023-08-25,39.96,80537,105
75,2023-08-25,39.96,80537,105
75,2023-08-25,39.96,80537,105
75,2023-08-25,39.96,80537,105
75,2023-08-25,39.96,80537,105
75,2023-08-25,39.96,80537,105
75,2023-08-25,39.96,80537,105
80,2023-08-24,60,80923,295
40,2023-08-24,28,14504,296
80,2023-08-24,50,13753,70
80,2023-08-24,50,13753,70
80,2023-08-24,50,80503,297
120,2023-08-23,48,17603,189
150,2023-08-23,99.9,,298
150,2023-08-23,79.92,,299
40,2023-08-22,22.4,,300
40,2023-08-21,28,,301
75,2023-08-20,39.96,,302
75,2023-08-18,49.95,80027,303
75,2023-08-18,49.95,84653,304
75,2023-08-15,39.96,91006,100
210,2023-08-14,157.5,60605,26
150,2023-08-13,99.9,92679,305
32,2023-08-12,32,93277,288
190,2023-08-08,127.9,76021,306
190,2023-08-08,127.9,76021,307
150,2023-08-08,79.92,85248,308
300,2023-08-05,159.84,81623,261
300,2023-08-05,159.84,81623,261
75,2023-08-05,49.95,,216
75,2023-08-05,49.95,,216
75,2023-08-05,49.95,,216
75,2023-08-05,49.95,,216
40,2023-08-04,28,,309
40,2023-08-02,22.4,12423,310
96,2023-08-01,60,20815,260
40,2023-07-31,28,,177
40,2023-07-31,28,,177
40,2023-07-30,22.4,33418,311
40,2023-07-27,28,28405,312
80,2023-07-26,38.4,90606,313
40,2023-07-25,28,98908,314
150,2023-07-25,79.92,,315
160,2023-07-24,104,,316
120,2023-07-23,76,33993,317
115,2023-07-22,77.95,80215,123
75,2023-07-22,49.95,,318
75,2023-07-20,49.95,,14
40,2023-07-17,28,18302,319
210,2023-07-17,160.2,,273
210,2023-07-17,160.2,,273
210,2023-07-17,160.2,,273
210,2023-07-17,160.2,,273
210,2023-07-17,160.2,,273
190,2023-07-14,127.9,,320
32,2023-07-12,32,93277,288
80,2023-07-10,56,63362,236
80,2023-07-10,56,20815,260
75,2023-07-08,49.95,84653,71
40,2023-07-04,24,7922,275
40,2023-07-04,24,7922,275
75,2023-07-04,49.95,89144,321
75,2023-07-03,49.95,81623,261
75,2023-07-03,49.95,81623,261
150,2023-06-30,99.9,80210,58
40,2023-06-30,24,,322
80,2023-06-28,44,17603,189
75,2023-06-27,49.95,80027,303
150,2023-06-27,99.9,,323
80,2023-06-25,48,43614,324
450,2023-06-24,299.7,80210,325
40,2023-06-23,24,,294
40,2023-06-23,24,,294
160,2023-06-23,96,6877,326
150,2023-06-21,99.9,6379,171
150,2023-06-21,99.9,,327
75,2023-06-18,49.95,,328
80,2023-06-18,48,,329
150,2023-06-18,99.9,,330
450,2023-06-17,299.7,,331
40,2023-06-17,24,,332
40,2023-06-16,24,,333
75,2023-06-15,49.95,,334
40,2023-06-14,24,89122,4
32,2023-06-12,32,93277,288
40,2023-06-12,24,34953,335
80,2023-06-11,48,,336
80,2023-06-11,48,80026,192
80,2023-06-11,48,80026,192
115,2023-06-11,73.95,63362,236
65,2023-06-09,39,,337
40,2023-06-08,24,81089,338
260,2023-06-08,99,83687,87
260,2023-06-08,99,83687,87
260,2023-06-08,99,83687,87
260,2023-06-08,99,83687,87
80,2023-06-07,48,,339
80,2023-06-07,48,,339
75,2023-06-07,49.95,,285
75,2023-06-07,49.95,,285
320,2023-06-07,176,18302,340
320,2023-06-07,176,18302,340
260,2023-06-06,99,37216,341
130,2023-06-06,78,60605,26
80,2023-06-06,48,87106,259
80,2023-06-06,48,87106,259
80,2023-06-06,48,87106,259
80,2023-06-02,48,44305,342
80,2023-05-31,48,89149,343
115,2023-05-29,73.95,,344
160,2023-05-29,96,49112,345
80,2023-05-28,44,17603,189
32,2023-05-24,32,33458,191
115,2023-05-24,73.95,,346
160,2023-05-23,96,,347
160,2023-05-23,96,,347
40,2023-05-23,24,44305,342
120,2023-05-23,72,,348
80,2023-05-18,48,18302,340
80,2023-05-18,48,18302,340
390,2023-05-14,226,18302,340
390,2023-05-14,226,18302,340
32,2023-05-12,32,93277,288
260,2023-05-12,99,,349
75,2023-05-11,45,,350
40,2023-05-09,24,,351
260,2023-05-09,99,83687,87
260,2023-05-09,99,83687,87
260,2023-05-09,99,83687,87
260,2023-05-09,99,83687,87
150,2023-05-08,90,,73
150,2023-05-08,90,93555,74
150,2023-05-08,90,93555,74
75,2023-05-07,45,91006,100
40,2023-05-06,24,87109,352
80,2023-05-06,48,,353
75,2023-05-05,45,,354
260,2023-05-05,99,,355
260,2023-05-05,99,,355
260,2023-05-05,99,,355
260,2023-05-05,99,,355
260,2023-05-05,99,,355
160,2023-05-03,96,,356
150,2023-05-02,90,,73
150,2023-05-02,90,93555,74
150,2023-05-02,90,93555,74
145,2023-05-02,113,80125,258
75,2023-04-30,45,,357
80,2023-04-30,48,,358
145,2023-04-29,113,83687,87
145,2023-04-29,113,83687,87
145,2023-04-29,113,83687,87
145,2023-04-29,113,83687,87
150,2023-04-27,90,97901,359
75,2023-04-26,45,,360
40,2023-04-25,24,80004,276
120,2023-04-25,72,,347
120,2023-04-25,72,,347
155,2023-04-24,93,77303,361
75,2023-04-22,45,81623,261
75,2023-04-22,45,81623,261
150,2023-04-20,90,,128
150,2023-04-20,90,,128
150,2023-04-20,90,,128
40,2023-04-19,24,,362
75,2023-04-18,45,,363
40,2023-04-18,24,89122,4
40,2023-04-17,24,89122,4
40,2023-04-16,24,,364
40,2023-04-16,24,,365
40,2023-04-15,24,7922,275
40,2023-04-15,24,7922,275
120,2023-04-14,68,,366
32,2023-04-12,32,93277,288
40,2023-04-11,40,80026,192
40,2023-04-11,40,80026,192
80,2023-04-10,48,8742,186
65,2023-04-09,39,71138,168
65,2023-04-09,39,71138,168
65,2023-04-09,39,71138,168
65,2023-04-09,39,,169
345,2023-04-09,207,59716,194
345,2023-04-09,207,33496,195
40,2023-04-09,24,,277
40,2023-04-09,24,,277
40,2023-04-09,24,,277
290,2023-04-09,174,,273
290,2023-04-09,174,,273
290,2023-04-09,174,,273
290,2023-04-09,174,,273
290,2023-04-09,174,,273
75,2023-04-09,45,80504,108
75,2023-04-09,45,80504,108
150,2023-04-09,90,80237,367
75,2023-04-09,45,7832,368
150,2023-04-09,90,81321,369
230,2023-04-09,138,37307,253
80,2023-04-08,48,,370
150,2023-04-08,90,80219,111
150,2023-04-08,90,80219,111
150,2023-04-08,90,80219,111
80,2023-04-08,48,,371
40,2023-04-08,24,,372
75,2023-04-05,45,,373
150,2023-04-04,90,81623,261
150,2023-04-04,90,81623,261
190,2023-04-04,114,80219,111
190,2023-04-04,114,80219,111
190,2023-04-04,114,80219,111
75,2023-04-02,45,80537,105
75,2023-04-02,45,80537,105
75,2023-04-02,45,80537,105
75,2023-04-02,45,80537,105
75,2023-04-02,45,80537,105
75,2023-04-02,45,80537,105
75,2023-04-02,45,80537,105
75,2023-04-02,45,,374
75,2023-04-02,45,,375
150,2023-04-01,90,93313,376
40,2023-04-01,24,33019,377
80,2023-03-31,48,57717,378
300,2023-03-31,180,90606,278
230,2023-03-29,138,,379
150,2023-03-28,90,21122,380
75,2023-03-28,45,,381
40,2023-03-27,24,,277
40,2023-03-27,24,,277
40,2023-03-27,24,,277
75,2023-03-27,45,13753,70
75,2023-03-27,45,13753,70
75,2023-03-26,45,7832,368
140,2023-03-26,84,7801,382
260,2023-03-25,175,80237,367
32,2023-03-24,32,33458,191
75,2023-03-24,45,84074,383
75,2023-03-24,45,,272
75,2023-03-24,45,,272
75,2023-03-24,45,,272
120,2023-03-23,72,,384
75,2023-03-19,45,81623,261
75,2023-03-19,45,81623,261
40,2023-03-17,24,80241,385
40,2023-03-15,24,18302,319
285,2023-03-14,171,60605,26
150,2023-03-12,76.5,,386
150,2023-03-12,90,,387
80,2023-03-06,48,,388
160,2023-03-06,96,95672,389
40,2023-03-04,24,44255,290
105,2023-03-04,63,37601,390
80,2023-03-03,48,,391
160,2023-03-03,96,32779,392
40,2023-03-03,24,,393
80,2023-03-02,48,90706,244
75,2023-03-02,45,,394
40,2023-03-02,24,1301,395
80,2023-03-01,48,,396
120,2023-03-01,72,83702,397
40,2023-02-28,24,,398
75,2023-02-28,75,,399
75,2023-02-27,75,7832,368
260,2023-02-25,175,80237,367
60,2023-02-23,60,80005,400
80,2023-02-23,80,,401
80,2023-02-22,48,95672,389
80,2023-02-22,48,6830,402
75,2023-02-21,45,80504,108
160,2023-02-21,81.6,,403
80,2023-02-20,48,71138,168
80,2023-02-20,48,71138,168
80,2023-02-20,48,71138,168
80,2023-02-20,48,,169
150,2023-02-20,90,81623,13
325,2023-02-20,195,80016,404
80,2023-02-20,48,81623,261
80,2023-02-20,48,81623,261
75,2023-02-19,45,80504,108
65,2023-02-18,39,95062,50
300,2023-02-17,153,60417,405
145,2023-02-16,87,,406
300,2023-02-13,153,80503,297
80,2023-02-12,48,95672,389
40,2023-02-12,24,98626,407
40,2023-02-11,24,80120,408
650,2023-02-11,390,6830,402
210,2023-02-10,126,,409
40,2023-02-10,24,,339
40,2023-02-10,24,,339
150,2023-02-07,90,37042,113
150,2023-02-07,90,,410
60,2023-02-04,60,81623,261
60,2023-02-04,60,81623,261
195,2023-02-04,195,6379,171
80,2023-02-02,40,,411
230,2023-02-01,115,81623,261
230,2023-02-01,115,81623,261
80,2023-02-01,40,,412
80,2023-01-31,40,30233,413
150,2023-01-30,75,80537,105
150,2023-01-30,75,80537,105
150,2023-01-30,75,80537,105
150,2023-01-30,75,80537,105
150,2023-01-30,75,80537,105
150,2023-01-30,75,80537,105
150,2023-01-30,75,80537,105
80,2023-01-29,40,,414
80,2023-01-29,40,87106,259
80,2023-01-29,40,87106,259
80,2023-01-29,40,87106,259
60,2023-01-28,60,80111,415
150,2023-01-27,75,91006,100
240,2023-01-27,160,,355
240,2023-01-27,160,,355
240,2023-01-27,160,,355
240,2023-01-27,160,,355
240,2023-01-27,160,,355
280,2023-01-27,140,17319,416
80,2023-01-26,40,,417
150,2023-01-26,75,,418
150,2023-01-26,75,80210,58
80,2023-01-26,40,37216,341
80,2023-01-25,40,77807,419
160,2023-01-25,80,,420
160,2023-01-25,80,,420
250,2023-01-25,185,95062,50
32,2023-01-24,32,33458,191
60,2023-01-23,60,37216,341
150,2023-01-23,75,81623,261
150,2023-01-23,75,81623,261
40,2023-01-22,40,95672,389
75,2023-01-22,75,71138,168
75,2023-01-22,75,71138,168
75,2023-01-22,75,71138,168
75,2023-01-22,75,,169
75,2023-01-21,75,80222,421
40,2023-01-18,40,,422
40,2023-01-18,40,,422
75,2023-01-17,75,60620,423
40,2023-01-12,40,,424
40,2023-01-11,40,14504,296
80,2023-01-09,80,90803,117
80,2023-01-09,80,90803,117
80,2023-01-09,80,90803,117
80,2023-01-09,80,90803,117
80,2023-01-09,80,90803,117
75,2023-01-08,79.99,84096,425
75,2023-01-06,79.99,,426
40,2022-12-31,44.99,,427
40,2022-12-31,44.99,,428
155,2022-12-29,159.99,,429
155,2022-12-29,159.99,,429
40,2022-12-24,44.99,,430
60,2022-12-23,64.99,37216,341
75,2022-12-14,79.99,19964,431
260,2022-12-09,103.99,,422
260,2022-12-09,103.99,,422
260,2022-12-06,103.99,,432
70,2022-12-06,74.99,,429
70,2022-12-06,74.99,,429
86.25,2022-12-04,91.24,81623,261
86.25,2022-12-04,91.24,81623,261
75,2022-12-03,79.99,,433
75,2022-11-29,79.99,,434
75,2022-11-28,79.99,80111,415
80,2022-11-27,39.99,98056,435
130,2022-11-27,64.99,,273
130,2022-11-27,64.99,,273
130,2022-11-27,64.99,,273
130,2022-11-27,64.99,,273
130,2022-11-27,64.99,,273
270,2022-11-27,119.99,,355
270,2022-11-27,119.99,,355
270,2022-11-27,119.99,,355
270,2022-11-27,119.99,,355
270,2022-11-27,119.99,,355
150,2022-11-26,84.99,20772,280
150,2022-11-26,84.99,20772,281
75,2022-11-26,44.99,11949,436
75,2022-11-26,44.99,11949,436
325,2022-11-26,133.99,84025,437
80,2022-11-25,39.99,85050,438
500,2022-11-25,218.99,59716,194
500,2022-11-25,218.99,33496,195
32,2022-11-25,20.99,80111,439
32,2022-11-25,20.99,80122,440
60,2022-11-25,34.99,80111,439
60,2022-11-25,34.99,80122,440
450,2022-11-25,244.99,,441
450,2022-11-25,244.99,,441
40,2022-11-24,24.99,,442
32,2022-11-24,16.99,33458,191
310,2022-11-21,155,,248
310,2022-11-21,155,,248
310,2022-11-21,155,,248
310,2022-11-21,155,53144,249
150,2022-11-20,75,91006,100
150,2022-11-19,75,37148,443
150,2022-11-19,75,,444
150,2022-11-16,75,,445
150,2022-11-16,75,,445
150,2022-11-16,75,,445
150,2022-11-16,75,,445
80,2022-11-14,40,50312,446
150,2022-11-07,79.99,48220,447
150,2022-11-05,79.99,27577,448
230,2022-11-03,119.99,92691,449
150,2022-11-03,79.99,84653,71
80,2022-11-02,44.99,75401,450
150,2022-11-01,79.99,,451
150,2022-10-31,79.99,22030,452
150,2022-10-30,79.99,,243
150,2022-10-30,79.99,,243
150,2022-10-30,79.99,30082,453
150,2022-10-30,79.99,30126,454
150,2022-10-30,79.99,30126,454
150,2022-10-30,79.99,75227,455
230,2022-10-30,119.99,19002,456
150,2022-10-27,79.99,11553,457
230,2022-10-26,119.99,,458
80,2022-10-25,44.99,,459
150,2022-10-22,79.99,,445
150,2022-10-22,79.99,,445
150,2022-10-22,79.99,,445
150,2022-10-22,79.99,,445
150,2022-10-21,79.99,80537,105
150,2022-10-21,79.99,80537,105
150,2022-10-21,79.99,80537,105
150,2022-10-21,79.99,80537,105
150,2022-10-21,79.99,80537,105
150,2022-10-21,79.99,80537,105
150,2022-10-21,79.99,80537,105
80,2022-10-21,44.99,,460
80,2022-10-21,44.99,,460
80,2022-10-21,44.99,,460
80,2022-10-21,44.99,80504,108
80,2022-10-20,44.99,,461
80,2022-10-20,84.99,44145,462
150,2022-10-20,79.99,,463
150,2022-10-20,79.99,,464
150,2022-10-20,79.99,,464
150,2022-10-20,79.99,7901,465
160,2022-10-19,84.99,80305,466
150,2022-10-19,79.99,,467
150,2022-10-19,79.99,,467
150,2022-10-19,79.99,,467
150,2022-10-11,154.99,,468
75,2022-10-07,79.99,,469
75,2022-10-07,79.99,,469
75,2022-10-01,79.99,37042,113
60,2022-09-28,4.99,80111,415
75,2022-09-21,79.99,,470
260,2022-09-19,204.99,,273
260,2022-09-19,204.99,,273
260,2022-09-19,204.99,,273
260,2022-09-19,204.99,,273
260,2022-09-19,204.99,,273
75,2022-09-15,79.99,,469
75,2022-09-15,79.99,,469
150,2022-09-15,154.99,80125,471
75,2022-09-14,79.99,,472
260,2022-09-13,204.99,60605,26
300,2022-09-09,244.99,,460
300,2022-09-09,244.99,,460
300,2022-09-09,244.99,,460
75,2022-09-09,79.99,,473
75,2022-09-08,79.99,,474
130,2022-09-07,134.99,,475
130,2022-09-07,134.99,93035,476
150,2022-09-07,154.99,,464
150,2022-09-07,154.99,,464
75,2022-09-07,79.99,,477
150,2022-09-05,154.99,,445
150,2022-09-05,154.99,,445
150,2022-09-05,154.99,,445
150,2022-09-05,154.99,,445
75,2022-08-31,79.99,34249,478
75,2022-08-27,61.24,,467
75,2022-08-27,61.24,,467
75,2022-08-27,61.24,,467
80,2022-08-27,84.99,80305,466
75,2022-08-25,79.99,30033,479
130,2022-08-18,102.49,84025,437
75,2022-08-18,79.99,,480
40,2022-08-15,40,,481
40,2022-08-15,40,59716,194
40,2022-08-15,40,33496,195
75,2022-08-08,75,28032,482
150,2022-08-07,112.5,,483
80,2022-07-31,80,,484
80,2022-07-28,80,85050,438
75,2022-07-25,75,,485
75,2022-07-25,75,90212,486
75,2022-07-23,56.25,,487
75,2022-07-20,56.25,24558,488
75,2022-07-19,56.25,,2
75,2022-07-17,75,,374
75,2022-07-17,75,,375
75,2022-07-16,56.25,,489
75,2022-07-14,56.25,85365,161
75,2022-07-09,75,,445
75,2022-07-09,75,,445
75,2022-07-09,75,,445
75,2022-07-09,75,,445
75,2022-07-08,75,81321,369
75,2022-07-05,75,,490
75,2022-07-04,75,,491
75,2022-07-03,56.25,,492
75,2022-07-02,75,84653,71
75,2022-06-30,75,,493
150,2022-06-25,150,6511,494
75,2022-06-24,56.25,37211,495
75,2022-06-24,56.25,28401,205
75,2022-06-24,56.25,28401,205
75,2022-06-24,56.25,28401,205
75,2022-06-16,75,,248
75,2022-06-16,75,,248
75,2022-06-16,75,,248
75,2022-06-16,75,53144,249
75,2022-06-15,75,80537,105
75,2022-06-15,75,80537,105
75,2022-06-15,75,80537,105
75,2022-06-15,75,80537,105
75,2022-06-15,75,80537,105
75,2022-06-15,75,80537,105
75,2022-06-15,75,80537,105
65,2022-06-12,65,,475
65,2022-06-12,65,93035,476
230,2022-06-08,230,,496
75,2022-06-08,75,30082,497
75,2022-06-07,75,,498
75,2022-06-07,75,,499
150,2022-06-07,112.5,30126,454
150,2022-06-07,112.5,30126,454
75,2022-06-05,75,,500
75,2022-06-03,75,37042,113
75,2022-06-02,75,,501
75,2022-06-01,56.25,,502
150,2022-05-31,150,,503
75,2022-05-27,56.25,6614,504
75,2022-05-24,56.25,,207
75,2022-05-24,56.25,,207
75,2022-05-20,75,,505
75,2022-05-18,75,80504,108
75,2022-05-18,75,20019,225
75,2022-05-14,75,23666,506
225,2022-05-08,191.25,,507
140,2022-05-07,140,,508
75,2022-05-05,56.25,,509
150,2022-05-04,150,90212,486
260,2022-04-29,200,,510
75,2022-04-28,75,,511
75,2022-04-24,56.25,32068,512
75,2022-04-15,56.25,70777,513
75,2022-04-15,75,94509,514
80,2022-04-15,60,37801,515
75,2022-04-08,75,80538,516
75,2022-04-08,75,70814,517
75,2022-04-06,56.25,37801,515
75,2022-04-06,75,80537,105
75,2022-04-06,75,80537,105
75,2022-04-06,75,80537,105
75,2022-04-06,75,80537,105
75,2022-04-06,75,80537,105
75,2022-04-06,75,80537,105
75,2022-04-06,75,80537,105
480,2022-04-05,420,,518
75,2022-04-05,56.25,75703,519
75,2022-04-02,56.25,,520
75,2022-04-01,63.75,,521
75,2022-03-28,75,22204,522
75,2022-03-25,75,44235,523
150,2022-03-16,150,7046,524
75,2022-03-13,75,76021,306
75,2022-03-13,75,76021,307
80,2022-03-12,80,44145,462
75,2022-03-12,63.75,75703,519
155,2022-03-07,131.75,80015,525
75,2022-03-04,81.99,38118,526
145,2022-03-02,145,80503,527
65,2022-02-27,71.99,60605,231
75,2022-02-22,81.99,48867,528
75,2022-02-22,81.99,48867,528
130,2022-02-21,110.5,32080,529
75,2022-02-18,81.99,85746,10
75,2022-02-17,81.99,,530
75,2022-02-13,81.99,81321,369
75,2022-02-12,81.99,,531
75,2022-02-12,81.99,,532
75,2022-02-09,81.99,91362,533
75,2022-02-08,70.74,21122,380
80,2022-02-05,80,,420
80,2022-02-05,80,,420
215,2022-02-03,215,80234,534
67.5,2022-01-27,74.49,28105,535
260,2022-01-25,200,92103,536
520,2022-01-21,400,80503,155
260,2022-01-20,200,,537
75,2022-01-18,81.99,,538
75,2022-01-18,70.74,45212,539
75,2022-01-18,70.74,,540
75,2022-01-18,70.74,20772,280
75,2022-01-18,70.74,20772,281
75,2022-01-18,81.99,75241,541
75,2022-01-16,81.99,,542
150,2022-01-08,150,7901,465
75,2022-01-08,70.74,30909,543
75,2022-01-05,81.99,10463,544
520,2022-01-04,400,40223,283
75,2022-01-03,70.74,,545
75,2021-12-31,81.99,27527,546
75,2021-12-29,81.99,40207,547
260,2021-12-26,170,80550,548
75,2021-12-23,70.74,,549
75,2021-12-21,70.74,20744,550
75,2021-12-21,81.99,,14
375,2021-12-17,262.5,10040,289
375,2021-12-17,262.5,10040,289
375,2021-12-17,262.5,10040,289
375,2021-12-17,262.5,10040,289
160,2021-12-12,160,11969,551
140,2021-12-12,140,7928,552
235,2021-12-11,235,,355
235,2021-12-11,235,,355
235,2021-12-11,235,,355
235,2021-12-11,235,,355
235,2021-12-11,235,,355
155,2021-12-11,155,33173,553
260,2021-12-11,200,40223,283
80,2021-12-11,80,,554
65,2021-12-07,71.99,98056,435
75,2021-12-07,81.99,,441
75,2021-12-07,81.99,,441
80,2021-12-07,86.99,7865,555
75,2021-12-07,81.99,10040,289
75,2021-12-07,81.99,10040,289
75,2021-12-07,81.99,10040,289
75,2021-12-07,81.99,10040,289
65,2021-12-07,71.99,80237,556
75,2021-12-06,81.99,,557
1,2021-11-26,1,80237,556
65,2021-11-26,11.99,80237,556
33.75,2026-04-18,38.75,37920,558
82.5,2026-04-18,87.5,84025,559
56.25,2026-04-15,61.25,7070,560
42,2026-04-13,47,33196,561
45,2026-04-13,50,95018,562
33.75,2026-04-11,38.75,37922,563
33.75,2026-04-10,38.75,33073,564
33.75,2026-04-08,38.75,75703,519
75,2026-04-04,80,94901,565
75,2026-04-02,80,60914,566
203.75,2026-04-02,208.75,60605,26
63.75,2026-03-29,68.75,32801,567
150,2026-03-29,155,20723,568
75,2026-03-28,80,84004,569
67.5,2026-03-26,72.5,90731,570
45,2026-03-24,50,95018,562
33.75,2026-03-24,38.75,2451,571
75,2026-03-24,80,94597,572
67.5,2026-03-22,72.5,61611,573
75,2026-03-21,80,60649,574
42,2026-03-20,47,70744,575
42,2026-03-19,47,33196,561
33.75,2026-03-18,38.75,85045,576
33.75,2026-03-18,38.75,37920,558
82.5,2026-03-18,87.5,84025,559
105,2026-03-16,110,21658,577
45,2026-03-14,50,95018,562
42,2026-03-13,47,33196,561
33.75,2026-03-11,38.75,37922,563
33.75,2026-03-10,38.75,33073,564
33.75,2026-03-10,38.75,87110,578
33.75,2026-03-08,38.75,75703,519
90,2026-03-07,95,76571,579
75,2026-03-04,80,80433,580
75,2026-03-02,80,14504,296
42,2026-03-02,47,33196,561
67.5,2026-02-26,72.5,90731,570
75,2026-02-26,80,80210,581
52.5,2026-02-22,57.5,92567,582
67.5,2026-02-22,72.5,61611,573
42,2026-02-20,47,70744,575
33.75,2026-02-18,38.75,85045,576
33.75,2026-02-18,38.75,37920,558
82.5,2026-02-18,87.5,84025,559
220,2026-02-17,225,60605,231
300,2026-02-16,305,80220,583
42,2026-02-13,47,33196,561
33.75,2026-02-11,38.75,37922,563
33.75,2026-02-10,38.75,87110,578
75,2026-02-09,80,36564,584
56.25,2026-02-09,61.25,7070,585
33.75,2026-02-08,38.75,75703,519
56.25,2026-02-05,61.25,75098,586
75,2026-02-04,80,92808,587
52.5,2026-02-02,57.5,33157,39
150,2026-02-02,155,10028,128
67.5,2026-01-26,72.5,90731,570
60,2026-01-26,65,80250,588
75,2026-01-23,80,84074,589
90,2026-01-20,95,80211,590
225,2026-01-20,230,80220,583
42,2026-01-20,47,70744,575
33.75,2026-01-18,38.75,37920,558
82.5,2026-01-18,87.5,84025,559
42,2026-01-13,47,33196,561
33.75,2026-01-11,38.75,37922,563
78.75,2026-01-10,83.75,87110,578
33.75,2026-01-08,38.75,75703,519
300,2026-01-07,305,80220,583
52.5,2026-01-04,57.5,61611,573
33.75,2026-01-04,38.75,90277,591
56.25,2026-01-03,61.25,74467,592
45,2025-12-30,50,80210,593
45,2025-12-30,50,87110,594
225,2025-12-28,230,80220,583
72,2025-12-23,77,80015,19
150,2025-12-23,155,84004,569
33.75,2025-12-23,38.75,94901,595
31.5,2025-12-23,36.5,94901,595
75,2025-12-22,80,80220,583
67.5,2025-12-22,72.5,61611,573
75,2025-12-21,80,81623,13
42,2025-12-20,47,70744,575
33.75,2025-12-18,38.75,37920,558
82.5,2025-12-18,87.5,84025,559
45,2025-12-15,50,56304,562
42,2025-12-13,47,33196,561
75,2025-12-12,80,77059,596
75,2025-12-12,80,90045,597
33.75,2025-12-11,38.75,85045,576
33.75,2025-12-11,38.75,37922,563
33.75,2025-12-08,38.75,93940,598
33.75,2025-12-08,38.75,75703,519
75,2025-12-08,80,27707,599
75,2025-12-06,80,61611,573
31.5,2025-12-05,36.5,94901,595
42,2025-12-05,47,33196,561
33.75,2025-12-05,38.75,22079,600
33.75,2025-12-04,38.75,90277,591
56.25,2025-12-03,61.25,74467,592
45,2025-12-02,50,80210,593
45,2025-12-01,50,85395,601
390,2025-12-01,395,80503,155
75,2025-12-01,80,85045,602
45,2025-12-01,50,80303,81
90,2025-11-30,95,63362,236
150,2025-11-30,155,36064,603
45,2025-11-29,45,33073,564
150,2025-11-28,155,80027,3
120,2025-11-28,125,10301,604
75,2025-11-28,80,91006,100
56.25,2025-11-28,61.25,30310,605
90,2025-11-27,95,48506,606
75,2025-11-27,80,74467,164
75,2025-11-27,80,60611,607
0,2025-11-26,5,11385,608
75,2025-11-24,80,75002,609
90,2025-11-24,95,44116,94
75,2025-11-23,80,80504,108
45,2025-11-23,50,95060,34
67.5,2025-11-22,72.5,61611,573
0,2025-11-20,5,22182,118
42,2025-11-20,47,70744,575
75,2025-11-19,80,22182,118
75,2025-11-19,80,22182,118
75,2025-11-19,80,77328,610
0,2025-11-19,5,92253,611
75,2025-11-19,80,92253,611
75,2025-11-18,80,90241,257
150,2025-11-18,155,46637,243
33.75,2025-11-18,38.75,37920,558
82.5,2025-11-18,87.5,84025,559
75,2025-11-17,80,36532,612
42,2025-11-13,47,33196,561
33.75,2025-11-11,38.75,37922,563
33.75,2025-11-08,38.75,93940,598
33.75,2025-11-08,38.75,75703,519
75,2025-11-06,80,60071,613
33.75,2025-11-04,38.75,90277,591
56.25,2025-11-03,61.25,74467,592
56.25,2025-10-30,61.25,93309,59
75,2025-10-28,80,80537,105
56.25,2025-10-28,61.25,30310,605
45,2025-10-25,50,11385,608
65,2025-10-24,70,2043,614
42,2025-10-20,47,70744,575
82.5,2025-10-18,87.5,84025,559
90,2025-10-15,95,11372,615
75,2025-10-15,80,80111,616
79.2,2025-10-15,84.2,95567,617
42,2025-10-13,47,33196,561
33.75,2025-10-08,38.75,93940,598
33.75,2025-10-08,38.75,75703,519
21,2025-10-07,26,10516,618
56.25,2025-10-05,61.25,60649,574
56.25,2025-09-30,61.25,93309,59
240,2025-09-29,245,7940,619
99,2025-09-26,104,80231,620
42,2025-09-20,47,70744,575
82.5,2025-09-18,87.5,84025,559
165,2025-09-16,170,20744,621
42,2025-09-13,47,33196,561
75,2025-09-11,80,80537,105
56.25,2025-09-10,61.25,92505,622
33.75,2025-09-08,38.75,75703,519
21,2025-09-07,26,10516,618
63.75,2025-09-05,68.75,80301,623
56.25,2025-08-30,61.25,93309,59
150,2025-08-28,155,89166,624
90,2025-08-22,95,53704,625
42,2025-08-20,47,70744,575
82.5,2025-08-18,87.5,84025,559
75,2025-08-15,80,80110,626
42,2025-08-13,47,33196,561
33.75,2025-08-08,38.75,75703,519
33.75,2025-08-07,38.75,2575,627
45,2025-08-07,50,56304,562
21,2025-08-07,26,10516,618
45,2025-08-05,50,95010,628
56.25,2025-07-30,61.25,93309,59
150,2025-07-23,155,10028,128
42,2025-07-20,47,70744,575
82.5,2025-07-19,87.5,84025,559
21,2025-07-17,26,99006,629
75,2025-07-15,80,80516,630
42,2025-07-14,47,16506,631
42,2025-07-13,47,33196,561
21,2025-07-10,21,93277,632
33.75,2025-07-08,33.75,75703,519
56,2025-07-08,56,48342,177
31.5,2025-07-08,31.5,23602,633
33.75,2025-07-07,33.75,2575,627
21,2025-07-07,21,10516,618
28,2025-07-06,28,80222,103
98,2025-07-06,98,81623,13
45,2025-07-06,45,37216,341
45,2025-07-06,45,80215,634
28,2025-07-06,28,33073,564
115,2025-07-06,115,61455,33
33.75,2025-07-05,33.75,22079,600
28,2025-07-05,28,2860,635
45,2025-07-03,45,36532,612
45,2025-07-03,45,6382,636
56,2025-07-03,56,98605,637
45,2025-07-03,45,36064,603
28,2025-07-03,28,1834,638
45,2025-07-02,45,12077,639
56,2025-07-01,56,48506,640
28,2025-07-01,28,74074,641
51,2025-07-01,51,34480,642
28,2025-07-01,28,97439,643
73,2025-06-30,73,60611,115
45,2025-06-29,45,2816,102
45,2025-06-29,45,2816,102
28,2025-06-29,28,28090,644
28,2025-06-29,28,,645
58,2025-06-28,58,85282,137
28,2025-06-28,28,79912,646
171,2025-06-28,171,17325,647
31.5,2025-06-28,31.5,75098,586
56,2025-06-28,56,22968,648
84,2025-06-28,84,32835,12
36,2025-06-26,36,98109,649
60,2025-06-24,60,95409,650
135,2025-06-23,135,7928,552
90,2025-06-20,90,89166,624
42,2025-06-20,42,70744,575
48,2025-06-19,48,22968,648
45,2025-06-18,45,14618,651
82.5,2025-06-18,82.5,84025,559
21,2025-06-17,21,99006,629
28,2025-06-16,28,56220,652
45,2025-06-14,45,80126,653
42,2025-06-14,42,16506,631
42,2025-06-13,42,33196,561
23.8,2025-06-11,23.8,1604,654
28,2025-06-08,28,80482,655
45,2025-06-06,45,55104,656
105,2025-06-06,105,55104,656
33.75,2025-06-05,33.75,22079,600
45,2025-06-04,45,89166,624
180,2025-06-03,180,60605,26
90,2025-06-03,90,46637,243
103,2025-06-01,103,22182,118
133,2025-05-31,133,35213,657
44.8,2025-05-30,44.8,48506,606
45,2025-05-29,45,22182,118
155,2025-05-26,155,30307,658
45,2025-05-25,45,54455,659
45,2025-05-24,45,20876,318
90,2025-05-23,90,85746,10
23.8,2025-05-22,23.8,80920,660
56,2025-05-21,56,80013,661
42,2025-05-20,42,70744,575
21,2025-05-19,21,89122,4
90,2025-05-19,90,46637,243
28,2025-05-18,28,45658,662
82.5,2025-05-18,82.5,84025,559
21,2025-05-17,21,99006,629
90,2025-05-17,90,7960,663
45,2025-05-17,45,77550,664
45,2025-05-15,45,85016,665
101,2025-05-15,101,29669,666
42,2025-05-14,42,16506,631
59.5,2025-05-13,59.5,2052,667
56,2025-05-11,56,60202,668
21,2025-05-10,21,80909,669
28,2025-05-09,28,79912,646
56,2025-05-07,56,44116,94
28,2025-05-06,28,95116,670
28,2025-05-06,28,97216,670
140,2025-05-06,140,97479,671
28,2025-05-06,28,80110,672
90,2025-05-06,90,80211,673
28,2025-05-06,28,80120,193
56,2025-05-06,56,30030,9
56,2025-05-06,56,80504,674
73,2025-05-06,73,22079,600
45,2025-05-05,45,72207,675
62.05,2025-05-04,62.05,80110,676
56,2025-04-28,56,48506,606
112,2025-04-27,112,80015,677
42,2025-04-27,42,17603,189
56,2025-04-26,56,81301,678
23.8,2025-04-24,23.8,65721,679
38.25,2025-04-22,38.25,89131,680
23.8,2025-04-22,23.8,29669,666
120,2025-04-21,120,80002,634
45,2025-04-20,45,84653,71
42,2025-04-20,42,70744,575
28,2025-04-20,28,53212,681
42,2025-04-20,42,33196,561
45,2025-04-20,45,20148,509
45,2025-04-19,45,78155,682
103,2025-04-19,103,2540,683
73,2025-04-19,73,87507,684
21,2025-04-18,21,89122,4
73,2025-04-18,73,97216,670
45,2025-04-18,45,80122,685
45,2025-04-18,45,85282,137
45,2025-04-17,45,53154,686
21,2025-04-17,21,99006,629
73,2025-04-16,73,7932,687
45,2025-04-16,45,72207,675
45,2025-04-16,45,86426,44
82.5,2025-04-16,82.5,11105,688
23.8,2025-04-16,23.8,60402,689
21,2025-04-15,21,80221,690
45,2025-04-15,45,80210,58
42,2025-04-14,42,16506,631
23.8,2025-04-13,23.8,43112,691
28,2025-04-13,28,48363,692
21,2025-04-11,21,92539,693
21,2025-04-10,21,80909,669
21,2025-04-10,21,10462,694
90,2025-04-10,90,69001,695
45,2025-04-08,45,75098,586
42,2025-04-08,42,60620,696
28,2025-04-06,28,48045,697
45,2025-04-04,45,7960,663
90,2025-04-03,90,78070,698
45,2025-04-02,45,80249,699
45,2025-04-01,45,98640,700
101,2025-04-01,101,91350,320
28,2025-04-01,28,22182,118
28,2025-03-30,28,85395,601
28,2025-03-30,28,13753,70
56,2025-03-29,56,80220,701
70,2025-03-28,70,40223,283
42,2025-03-27,42,17603,189
47.6,2025-03-27,47.6,,645
140,2025-03-25,140,60614,21
21,2025-03-25,21,81611,702
70,2025-03-23,70,8742,186
84,2025-03-23,84,30582,703
45,2025-03-23,45,22314,704
45,2025-03-23,45,59101,705
45,2025-03-23,45,59101,705
28,2025-03-22,28,93940,598
42,2025-03-20,42,33196,561
28,2025-03-19,28,28090,644
21,2025-03-18,21,89122,4
56,2025-03-18,56,1945,706
21,2025-03-17,21,99006,629
28,2025-03-17,28,75048,707
28,2025-03-16,28,81623,13
38.25,2025-03-16,38.25,50801,708
21,2025-03-15,21,80221,690
42,2025-03-12,42,60620,696
90,2025-03-11,90,2816,102
21,2025-03-11,21,92539,693
56,2025-03-10,56,98375,8
21,2025-03-10,21,80909,669
33.75,2025-03-08,33.75,75703,519
45,2025-03-07,45,84043,440
155,2025-03-05,155,84025,709
28,2025-03-04,28,81611,702
28,2025-03-04,28,61853,710
45,2025-03-04,45,91362,711
45,2025-03-02,45,95448,712
45,2025-03-02,45,80305,466
45,2025-03-02,45,38141,22
45,2025-03-02,45,20002,713
45,2025-03-01,45,23693,714
45,2025-02-28,45,80504,108
21,2025-02-28,21,97405,715
45,2025-02-28,45,91331,716
28,2025-02-27,28,83703,717
45,2025-02-26,45,80122,440
45,2025-02-25,45,59602,718
28,2025-02-25,28,80504,674
90,2025-02-25,90,80027,3
33.75,2025-02-24,33.75,92115,719
33.75,2025-02-23,33.75,91766,720
45,2025-02-21,45,88012,721
39.2,2025-02-20,39.2,33196,561
63,2025-02-19,63,97405,715
28,2025-02-19,28,91367,722
21,2025-02-18,21,89122,4
45,2025-02-18,45,90012,723
39.2,2025-02-18,39.2,79912,646
28,2025-02-18,28,87102,724
19.6,2025-02-18,19.6,48342,177
28,2025-02-17,28,54136,725
28,2025-02-17,28,68005,129
21,2025-02-17,21,99006,629
337,2025-02-14,337,80221,726
28,2025-02-11,28,30809,727
21,2025-02-11,21,92539,693
21,2025-02-10,21,80909,669
112,2025-02-09,112,20019,225
112,2025-02-09,112,,645
112,2025-02-08,112,81623,13
33.75,2025-02-08,33.75,75703,519
112,2025-02-08,112,10801,728
180,2025-02-08,180,7928,552
22.4,2025-02-07,22.4,11421,729
45,2025-02-06,45,97470,730
28,2025-02-06,28,30809,731
23.8,2025-02-04,23.8,33196,561
28,2025-02-01,28,95060,34
28,2025-02-01,28,95060,34
47.6,2025-01-30,47.6,48506,606
141,2025-01-29,141,72205,732
204,2025-01-29,204,33178,733
21,2025-01-29,21,97405,715
23.8,2025-01-29,23.8,90640,734
31.5,2025-01-29,31.5,7801,382
28,2025-01-28,28,95460,735
49,2025-01-28,49,15601,736
90,2025-01-27,90,23693,737
56,2025-01-27,56,20906,738
23.8,2025-01-27,23.8,80238,739
28,2025-01-26,28,60611,115
56,2025-01-26,56,49445,740
28,2025-01-26,28,60202,668
28,2025-01-26,28,7052,741
73,2025-01-25,73,13786,742
28,2025-01-24,28,97218,743
28,2025-01-24,28,89128,744
28,2025-01-24,28,60628,696
28,2025-01-24,28,60411,745
28,2025-01-24,28,10012,746
28,2025-01-24,28,90277,591
56,2025-01-23,56,63362,236
84,2025-01-23,84,92544,747
28,2025-01-23,28,33157,748
33.75,2025-01-23,33.75,91766,720
28,2025-01-23,28,80210,593
28,2025-01-23,28,80120,193
140,2025-01-23,140,13041,749
28,2025-01-22,28,98032,750
28,2025-01-22,28,80121,751
28,2025-01-22,28,21623,752
141,2025-01-21,141,48220,447
141,2025-01-20,141,91106,753
28,2025-01-18,28,2919,754
21,2025-01-18,21,89122,4
73,2025-01-18,73,80027,3
56,2025-01-18,56,79912,646
28,2025-01-17,28,83687,87
56,2025-01-17,56,97479,671
21,2025-01-17,21,99006,629
28,2025-01-17,28,,645
28,2025-01-17,28,92544,747
70,2025-01-17,70,80111,755
28,2025-01-17,28,44116,756
28,2025-01-17,28,8205,757
28,2025-01-16,28,18914,758
38.25,2025-01-15,38.25,89128,744
23.8,2025-01-14,23.8,48317,759
56,2025-01-10,56,33157,39
28,2025-01-10,28,98208,760
21,2025-01-10,21,80909,669
47.6,2025-01-10,47.6,22203,761
114.75,2025-01-09,114.75,46544,762
23.8,2025-01-08,23.8,28651,763
43.5,2025-01-08,43.5,75703,519
385,2025-01-08,385,53005,293
22.4,2025-01-07,22.4,80123,764
38.25,2025-01-06,38.25,74133,765
45,2025-01-06,45,28401,205
45,2025-01-06,45,74133,765
28,2025-01-06,28,28090,644
45,2025-01-05,45,7070,560
45,2025-01-05,45,7070,560
90,2025-01-05,90,80219,111
90,2025-01-05,90,10028,128
45,2025-01-05,45,7853,766
45,2025-01-04,45,33157,748
26.25,2025-01-04,26.25,80007,767
45,2025-01-04,45,70769,768
28,2025-01-02,28,48819,769
45,2025-01-01,45,91006,100
90,2025-01-01,90,61455,33
45,2025-01-01,45,30738,770
45,2024-12-31,45,22182,118
83,2024-12-31,83,60605,26
45,2024-12-29,45,37209,771
66,2024-12-29,66,97405,715
28,2024-12-25,28,22182,118
56,2024-12-24,56,30030,772
23.8,2024-12-24,23.8,80118,773
141,2024-12-23,141,78752,774
70,2024-12-20,70,48188,775
49.3,2024-12-20,49.3,70769,768
26.25,2024-12-17,26.25,99006,629
29.75,2024-12-17,29.75,92544,776
147.9,2024-12-15,147.9,21060,777
38.5,2024-12-13,38.5,,645
59.5,2024-12-13,59.5,6877,778
70,2024-12-13,70,55082,779
161,2024-12-12,161,83687,87
26.25,2024-12-12,26.25,10516,618
35,2024-12-12,35,28090,644
28,2024-12-11,28,7052,741
35,2024-12-11,35,62565,780
116,2024-12-11,116,46637,243
161,2024-12-10,161,50126,781
26.25,2024-12-10,26.25,80909,669
116,2024-12-10,116,75703,519
105,2024-12-10,105,32779,782
35,2024-12-10,35,62640,783
43.5,2024-12-08,43.5,75703,519
35,2024-12-08,35,13027,784
174,2024-12-08,174,80503,155
11.6,2024-12-06,11.6,80122,785
58,2024-12-05,58,22182,118
116,2024-12-05,116,10023,786
178.5,2024-12-04,178.5,10579,787
26.25,2024-12-04,26.25,80007,767
58,2024-12-03,58,80236,788
58,2024-12-03,58,34609,789
52.5,2024-12-03,52.5,32779,782
58,2024-12-02,58,91006,100
58,2024-12-02,58,15601,790
58,2024-12-02,58,,645
58,2024-12-01,58,92253,158
58,2024-12-01,58,30082,453
289,2024-11-29,289,70777,222
666,2024-11-29,666,80010,251
70,2024-11-28,70,80303,81
70,2024-11-28,70,85713,791
70,2024-11-27,70,79903,646
70,2024-11-26,70,78130,792
70,2024-11-26,70,78130,792
116,2024-11-26,116,80503,155
70,2024-11-26,70,60202,668
26.25,2024-11-26,26.25,62640,783
151,2024-11-26,151,7928,552
70,2024-11-23,70,,645
49.3,2024-11-22,49.3,7070,560
70,2024-11-20,70,48506,606
93,2024-11-20,93,80302,793
35,2024-11-18,35,97405,715
70,2024-11-18,70,30030,9
70,2024-11-17,70,79903,646
26.25,2024-11-17,26.25,99006,629
29.75,2024-11-17,29.75,,645
35,2024-11-15,35,6450,794
70,2024-11-15,70,27523,795
26.25,2024-11-12,26.25,10516,618
58,2024-11-10,58,98056,435
58,2024-11-10,58,27006,49
87,2024-11-09,87,22182,118
58,2024-11-08,58,33496,194
70,2024-11-08,70,32779,782
101.5,2024-11-08,101.5,75703,519
128,2024-11-06,128,63109,62
58,2024-11-05,58,30233,413
52.5,2024-11-03,52.5,32779,782
70,2024-11-03,70,60628,696
58,2024-11-02,58,25404,796
58,2024-11-02,58,20010,120
26.25,2024-10-31,26.25,78415,797
26.25,2024-10-29,26.25,90046,798
26.25,2024-10-26,26.25,62640,783
35,2024-10-25,35,48342,177
150.8,2024-10-25,150.8,90803,799
29.75,2024-10-24,29.75,95060,800
116,2024-10-23,116,37042,113
58,2024-10-23,58,20148,509
175,2024-10-22,175,7508,801
35,2024-10-22,35,1562,802
40.6,2024-10-22,40.6,30082,453
116,2024-10-21,116,37042,113
59.5,2024-10-20,59.5,79903,646
65.1,2024-10-19,65.1,60202,668
49,2024-10-19,49,27560,803
101.5,2024-10-19,101.5,7950,804
40.6,2024-10-19,40.6,2816,102
232,2024-10-19,232,37042,113
161,2024-10-19,161,80219,111
29.75,2024-10-14,29.75,65807,805
49.3,2024-10-14,49.3,80138,806
150.8,2024-10-13,150.8,81612,807
35,2024-10-13,35,98116,808
35,2024-10-12,35,7444,809
26.25,2024-10-12,26.25,81504,810
59.5,2024-10-11,59.5,55082,779
29.75,2024-10-11,29.75,10306,811
35,2024-10-08,35,60628,696
43.5,2024-10-08,43.5,75703,519
35,2024-10-06,35,7052,741
52.5,2024-10-03,52.5,32779,782
35,2024-09-30,35,4102,812
55,2024-09-28,55,80020,813
55,2024-09-28,55,80020,813
25.6,2024-09-26,25.6,80121,814
61.6,2024-09-26,61.6,80014,815
55,2024-09-26,55,78070,698
55,2024-09-24,55,2814,816
55,2024-09-24,55,90241,257
44,2024-09-23,44,12603,817
76.8,2024-09-22,76.8,30030,772
152,2024-09-20,152,95062,818
55,2024-09-18,55,93203,819
32,2024-09-17,32,44811,820
25.6,2024-09-16,25.6,39565,821
44,2024-09-14,44,20722,822
64,2024-09-13,64,32779,782
139,2024-09-13,139,97702,823
240,2024-09-12,240,62703,824
64,2024-09-12,64,99006,629
64,2024-09-11,64,46017,825
55,2024-09-10,55,,87
44.8,2024-09-10,44.8,80303,81
51.2,2024-09-08,51.2,60625,826
32,2024-09-07,32,78757,827
152,2024-09-06,152,46902,828
96,2024-09-06,96,12484,829
25.6,2024-09-05,25.6,2125,830
32,2024-09-04,32,60453,831
45,2024-09-04,45,60605,231
32,2024-09-04,32,34736,832
32,2024-09-03,32,30277,833
55,2024-09-03,55,61455,66
55,2024-09-03,55,92648,175
55,2024-09-03,55,60803,834
55,2024-09-01,55,92627,835
44.8,2024-09-01,44.8,17603,189
64,2024-09-01,64,32750,836
80,2024-09-01,80,94587,837
55,2024-08-29,55,37307,61
94.5,2024-08-29,94.5,44116,94
64,2024-08-29,64,4260,1
55,2024-08-29,55,10028,128
69.6,2024-08-27,69.6,62640,783
32,2024-08-27,32,75225,838
154,2024-08-27,154,93555,73
55,2024-08-26,55,89123,839
110,2024-08-23,110,30126,454
22.4,2024-08-23,22.4,39565,821
44.8,2024-08-23,44.8,38114,22
45.5,2024-08-22,45.5,80120,193
64,2024-08-22,64,80120,840
126,2024-08-22,126,60605,231
65,2024-08-22,65,11946,841
55,2024-08-21,55,44203,842
32,2024-08-18,32,80219,111
110,2024-08-18,110,10028,128
55,2024-08-18,55,80219,111
55,2024-08-18,55,80022,327
32,2024-08-07,32,98801,843